Route_name,Route_link
Delhi to Chandigarh,https://www.redbus.in/bus-tickets/delhi-to-chandigarh
Chandigarh to Delhi,https://www.redbus.in/bus-tickets/chandigarh-to-delhi
Yamuna Nagar to Chandigarh,https://www.redbus.in/bus-tickets/yamuna-nagar-to-chandigarh
Ludhiana to Chandigarh,https://www.redbus.in/bus-tickets/ludhiana-to-chandigarh
Chandigarh to Yamuna Nagar,https://www.redbus.in/bus-tickets/chandigarh-to-yamuna-nagar
Chandigarh to Hamirpur (Himachal Pradesh),https://www.redbus.in/bus-tickets/chandigarh-to-hamirpur-himachal-pradesh
Chandigarh to Baijnath,https://www.redbus.in/bus-tickets/chandigarh-to-baijnath
Hamirpur (Himachal Pradesh) to Chandigarh,https://www.redbus.in/bus-tickets/hamirpur-himachal-pradesh-to-chandigarh
Chandigarh to Ludhiana,https://www.redbus.in/bus-tickets/chandigarh-to-ludhiana
Chandigarh to Dehradun,https://www.redbus.in/bus-tickets/chandigarh-to-dehradun
Chandigarh to Sujanpur (himachal pradesh),https://www.redbus.in/bus-tickets/chandigarh-to-sujanpur
Chandigarh to Vrindavan,https://www.redbus.in/bus-tickets/chandigarh-to-vrindavan
Chandigarh to Pathankot,https://www.redbus.in/bus-tickets/chandigarh-to-pathankot
Dehradun to Chandigarh,https://www.redbus.in/bus-tickets/dehradun-to-chandigarh
Chandigarh to Dharamshala (Himachal Pradesh),https://www.redbus.in/bus-tickets/chandigarh-to-dharamshala
Sujanpur (himachal pradesh) to Chandigarh,https://www.redbus.in/bus-tickets/sujanpur-to-chandigarh
Chandigarh to Dinanagar (punjab),https://www.redbus.in/bus-tickets/chandigarh-to-dinanagar-punjab
Vrindavan to Chandigarh,https://www.redbus.in/bus-tickets/vrindavan-to-chandigarh
Chandigarh to Shimla,https://www.redbus.in/bus-tickets/chandigarh-to-shimla
Chandigarh to Talwara,https://www.redbus.in/bus-tickets/chandigarh-to-talwara
Dinanagar (punjab) to Chandigarh,https://www.redbus.in/bus-tickets/dinanagar-punjab-to-chandigarh
Chandigarh to Agra,https://www.redbus.in/bus-tickets/chandigarh-to-agra
Rohtak to Chandigarh,https://www.redbus.in/bus-tickets/rohtak-to-chandigarh
Talwara to Chandigarh,https://www.redbus.in/bus-tickets/talwara-to-chandigarh
Dharamshala (Himachal Pradesh) to Chandigarh,https://www.redbus.in/bus-tickets/dharamshala-to-chandigarh
Pathankot to Chandigarh,https://www.redbus.in/bus-tickets/pathankot-to-chandigarh
Baijnath to Chandigarh,https://www.redbus.in/bus-tickets/baijnath-to-chandigarh
Shimla to Chandigarh,https://www.redbus.in/bus-tickets/shimla-to-chandigarh
Chandigarh to Haridwar,https://www.redbus.in/bus-tickets/chandigarh-to-haridwar
